,0.25,0.375,0.5
0,11.0,8.0,11.0
1,9.0,13.0,8.0
2,103.0,12.0,6.0
3,9.0,10.0,8.0
4,7.0,4.0,7.0
5,9.0,5.0,9.0
6,9.0,9.0,13.0
7,4.0,9.0,9.0
8,9.0,8.0,9.0
9,10.0,14.0,9.0
10,9.0,141.0,9.0
11,6.0,10.0,12.0
12,8.0,5.0,4.0
13,7.0,11.0,8.0
14,9.0,7.0,5.0
15,9.0,9.0,9.0
16,8.0,8.0,9.0
17,10.0,9.0,4.0
18,6.0,9.0,8.0
19,8.0,7.0,10.0
20,6.0,8.0,10.0
21,8.0,10.0,6.0
22,10.0,9.0,9.0
23,10.0,14.0,8.0
24,9.0,7.0,7.0
25,11.0,16.0,7.0
26,14.0,8.0,6.0
27,6.0,7.0,11.0
28,13.0,8.0,8.0
29,10.0,9.0,11.0
30,14.0,10.0,7.0
31,10.0,12.0,7.0
32,11.0,7.0,11.0
33,8.0,7.0,10.0
34,10.0,12.0,8.0
35,8.0,11.0,186.0
36,7.0,11.0,14.0
37,7.0,5.0,9.0
38,14.0,9.0,8.0
39,8.0,7.0,11.0
40,8.0,11.0,5.0
41,11.0,10.0,11.0
42,5.0,10.0,7.0
43,12.0,11.0,12.0
44,13.0,10.0,10.0
45,8.0,13.0,10.0
46,15.0,8.0,10.0
47,11.0,9.0,7.0
48,11.0,12.0,10.0
49,4.0,6.0,7.0
50,11.0,7.0,15.0
51,15.0,14.0,3.0
52,9.0,10.0,7.0
53,9.0,7.0,7.0
54,81.0,5.0,11.0
55,7.0,10.0,15.0
56,8.0,9.0,10.0
57,14.0,11.0,10.0
58,10.0,5.0,10.0
59,12.0,12.0,8.0
60,8.0,11.0,9.0
61,8.0,11.0,14.0
62,11.0,11.0,14.0
63,14.0,7.0,11.0
64,9.0,12.0,11.0
65,8.0,9.0,8.0
66,9.0,6.0,6.0
67,6.0,161.0,8.0
68,12.0,5.0,11.0
69,14.0,8.0,4.0
70,11.0,8.0,9.0
71,7.0,11.0,6.0
72,7.0,10.0,6.0
73,12.0,10.0,6.0
74,6.0,7.0,12.0
75,8.0,8.0,2.0
76,12.0,9.0,11.0
77,11.0,11.0,7.0
78,10.0,8.0,13.0
79,5.0,11.0,10.0
80,10.0,10.0,10.0
81,8.0,15.0,9.0
82,11.0,10.0,6.0
83,16.0,4.0,9.0
84,9.0,13.0,4.0
85,5.0,9.0,8.0
86,12.0,10.0,13.0
87,9.0,5.0,177.0
88,12.0,10.0,9.0
89,10.0,7.0,7.0
90,13.0,15.0,6.0
91,10.0,14.0,8.0
92,13.0,6.0,7.0
93,16.0,11.0,3.0
94,98.0,9.0,7.0
95,10.0,7.0,6.0
96,10.0,6.0,5.0
97,11.0,7.0,7.0
98,10.0,6.0,6.0
99,14.0,8.0,11.0
100,6.0,9.0,9.0
101,11.0,7.0,5.0
102,7.0,8.0,9.0
103,9.0,16.0,4.0
104,8.0,1.0,6.0
105,15.0,9.0,5.0
106,9.0,7.0,12.0
107,13.0,7.0,13.0
108,9.0,9.0,4.0
109,9.0,14.0,8.0
110,18.0,10.0,4.0
111,6.0,10.0,12.0
112,12.0,9.0,6.0
113,14.0,9.0,206.0
114,11.0,10.0,8.0
115,7.0,10.0,9.0
116,15.0,7.0,10.0
117,15.0,7.0,12.0
118,7.0,9.0,9.0
119,11.0,14.0,12.0
120,8.0,5.0,5.0
121,10.0,8.0,4.0
122,10.0,8.0,7.0
123,11.0,11.0,6.0
124,9.0,8.0,5.0
125,8.0,5.0,9.0
126,11.0,11.0,11.0
127,13.0,8.0,8.0
128,12.0,10.0,13.0
129,13.0,9.0,9.0
130,6.0,7.0,4.0
131,5.0,13.0,8.0
132,12.0,11.0,5.0
133,8.0,10.0,10.0
134,10.0,12.0,7.0
135,13.0,12.0,5.0
136,8.0,16.0,9.0
137,10.0,10.0,8.0
138,17.0,13.0,9.0
139,11.0,10.0,17.0
140,7.0,14.0,7.0
141,9.0,13.0,4.0
142,12.0,9.0,4.0
143,10.0,11.0,8.0
144,13.0,9.0,8.0
145,11.0,10.0,7.0
146,6.0,15.0,7.0
147,12.0,9.0,5.0
148,18.0,12.0,6.0
149,10.0,6.0,4.0
150,11.0,10.0,13.0
151,13.0,15.0,10.0
152,10.0,15.0,11.0
153,98.0,4.0,9.0
154,9.0,9.0,8.0
155,14.0,8.0,6.0
156,14.0,7.0,10.0
157,12.0,11.0,8.0
158,11.0,10.0,6.0
159,9.0,11.0,5.0
160,10.0,11.0,6.0
161,8.0,4.0,6.0
162,14.0,8.0,5.0
163,8.0,10.0,11.0
164,11.0,5.0,9.0
165,9.0,8.0,7.0
166,9.0,15.0,7.0
167,5.0,11.0,10.0
168,13.0,8.0,4.0
169,8.0,6.0,7.0
170,5.0,12.0,12.0
171,15.0,6.0,5.0
172,11.0,11.0,7.0
173,15.0,4.0,9.0
174,9.0,9.0,10.0
175,6.0,8.0,10.0
176,20.0,8.0,3.0
177,6.0,7.0,7.0
178,15.0,7.0,11.0
179,6.0,11.0,9.0
180,13.0,4.0,6.0
181,11.0,6.0,11.0
182,8.0,13.0,8.0
183,13.0,4.0,7.0
184,14.0,10.0,11.0
185,13.0,5.0,3.0
186,14.0,4.0,4.0
187,10.0,5.0,2.0
188,15.0,7.0,8.0
189,3.0,11.0,8.0
190,12.0,11.0,10.0
191,10.0,12.0,6.0
192,9.0,6.0,7.0
193,16.0,7.0,8.0
194,15.0,7.0,11.0
195,6.0,11.0,7.0
196,14.0,11.0,9.0
197,10.0,10.0,6.0
198,10.0,14.0,11.0
199,18.0,6.0,197.0
200,8.0,10.0,15.0
201,12.0,7.0,8.0
202,13.0,5.0,12.0
203,6.0,6.0,13.0
204,10.0,12.0,3.0
205,10.0,8.0,1.0
206,97.0,13.0,19.0
207,9.0,8.0,3.0
208,15.0,4.0,8.0
209,9.0,8.0,207.0
210,7.0,6.0,9.0
211,14.0,9.0,8.0
212,10.0,10.0,9.0
213,10.0,5.0,6.0
214,9.0,166.0,13.0
215,3.0,9.0,4.0
216,15.0,2.0,7.0
217,9.0,13.0,10.0
218,9.0,12.0,11.0
219,12.0,11.0,7.0
220,13.0,7.0,8.0
221,9.0,9.0,6.0
222,13.0,11.0,10.0
223,5.0,7.0,12.0
224,11.0,12.0,6.0
225,16.0,10.0,8.0
226,8.0,3.0,4.0
227,10.0,8.0,9.0
228,7.0,8.0,8.0
229,9.0,6.0,10.0
230,17.0,10.0,8.0
231,3.0,9.0,7.0
232,13.0,14.0,12.0
233,10.0,10.0,4.0
234,11.0,8.0,6.0
235,10.0,10.0,213.0
236,8.0,7.0,3.0
237,7.0,6.0,8.0
238,11.0,12.0,6.0
239,6.0,7.0,12.0
240,14.0,10.0,11.0
241,9.0,8.0,6.0
242,11.0,11.0,6.0
243,10.0,10.0,7.0
244,14.0,147.0,10.0
245,4.0,14.0,9.0
246,12.0,10.0,1.0
247,6.0,138.0,3.0
248,18.0,9.0,4.0
249,10.0,3.0,6.0
250,8.0,6.0,9.0
251,8.0,6.0,9.0
252,7.0,10.0,11.0
253,90.0,9.0,4.0
254,13.0,11.0,7.0
255,14.0,8.0,8.0
256,9.0,12.0,14.0
257,14.0,10.0,9.0
258,8.0,11.0,11.0
259,8.0,10.0,13.0
260,15.0,11.0,5.0
261,12.0,6.0,5.0
262,13.0,8.0,11.0
263,10.0,11.0,5.0
264,7.0,7.0,9.0
265,9.0,10.0,7.0
266,16.0,11.0,2.0
267,14.0,13.0,10.0
268,14.0,6.0,8.0
269,15.0,6.0,9.0
270,13.0,143.0,8.0
271,10.0,8.0,10.0
272,9.0,8.0,10.0
273,10.0,12.0,9.0
274,15.0,12.0,9.0
275,7.0,9.0,4.0
276,8.0,12.0,8.0
277,8.0,15.0,8.0
278,13.0,14.0,9.0
279,9.0,4.0,7.0
280,10.0,11.0,8.0
281,14.0,13.0,8.0
282,17.0,11.0,0.0
283,9.0,7.0,11.0
284,12.0,13.0,6.0
285,11.0,12.0,185.0
286,6.0,9.0,3.0
287,11.0,136.0,6.0
288,8.0,11.0,8.0
289,13.0,12.0,184.0
290,8.0,7.0,12.0
291,12.0,3.0,11.0
292,6.0,8.0,3.0
293,14.0,10.0,7.0
294,9.0,11.0,12.0
295,6.0,3.0,9.0
296,9.0,8.0,8.0
297,16.0,9.0,8.0
298,15.0,5.0,9.0
299,14.0,13.0,12.0
300,11.0,5.0,4.0
301,13.0,9.0,10.0
302,6.0,6.0,10.0
303,11.0,12.0,11.0
304,10.0,8.0,8.0
305,7.0,11.0,10.0
306,10.0,8.0,5.0
307,76.0,5.0,13.0
308,13.0,9.0,8.0
309,16.0,12.0,8.0
310,12.0,11.0,7.0
311,15.0,12.0,7.0
312,11.0,12.0,7.0
313,8.0,12.0,5.0
314,11.0,10.0,6.0
315,10.0,10.0,12.0
316,9.0,10.0,9.0
317,10.0,7.0,8.0
318,11.0,14.0,12.0
319,8.0,7.0,15.0
320,14.0,9.0,7.0
321,8.0,13.0,8.0
322,6.0,11.0,10.0
323,10.0,5.0,7.0
324,12.0,13.0,6.0
325,7.0,10.0,12.0
326,5.0,5.0,10.0
327,10.0,7.0,9.0
328,9.0,16.0,10.0
329,11.0,3.0,9.0
330,6.0,13.0,5.0
331,12.0,11.0,12.0
332,8.0,16.0,7.0
333,11.0,11.0,10.0
334,13.0,9.0,11.0
335,14.0,10.0,189.0
336,11.0,8.0,13.0
337,12.0,9.0,11.0
338,6.0,6.0,15.0
339,12.0,8.0,4.0
340,12.0,11.0,8.0
341,9.0,9.0,9.0
342,12.0,11.0,8.0
343,6.0,13.0,13.0
344,12.0,12.0,13.0
345,7.0,6.0,9.0
346,8.0,6.0,9.0
347,5.0,8.0,3.0
348,9.0,10.0,7.0
349,14.0,7.0,8.0
350,7.0,8.0,6.0
351,12.0,10.0,4.0
352,14.0,9.0,9.0
353,3.0,8.0,12.0
354,11.0,12.0,7.0
355,7.0,6.0,6.0
356,15.0,7.0,6.0
357,14.0,11.0,194.0
358,13.0,9.0,7.0
359,10.0,6.0,10.0
360,10.0,8.0,1.0
361,8.0,5.0,11.0
362,12.0,8.0,12.0
363,10.0,9.0,9.0
364,13.0,12.0,12.0
365,4.0,11.0,12.0
366,11.0,7.0,8.0
367,6.0,3.0,9.0
368,7.0,5.0,8.0
369,13.0,10.0,14.0
370,8.0,7.0,4.0
371,22.0,12.0,3.0
372,15.0,14.0,18.0
373,7.0,9.0,7.0
374,7.0,6.0,12.0
375,8.0,7.0,7.0
376,9.0,8.0,7.0
377,10.0,8.0,3.0
378,16.0,5.0,13.0
379,9.0,10.0,13.0
380,9.0,12.0,4.0
381,11.0,6.0,21.0
382,15.0,10.0,12.0
383,12.0,9.0,5.0
384,7.0,11.0,9.0
385,9.0,9.0,6.0
386,5.0,6.0,9.0
387,14.0,12.0,9.0
388,6.0,7.0,6.0
389,14.0,6.0,8.0
390,14.0,7.0,16.0
391,14.0,4.0,9.0
392,12.0,15.0,7.0
393,12.0,11.0,7.0
394,12.0,10.0,9.0
395,15.0,161.0,7.0
396,5.0,14.0,9.0
397,11.0,11.0,6.0
398,7.0,8.0,9.0
399,9.0,10.0,10.0
400,6.0,4.0,13.0
401,9.0,6.0,4.0
402,11.0,12.0,10.0
403,7.0,18.0,5.0
404,12.0,6.0,8.0
405,7.0,11.0,4.0
406,8.0,10.0,12.0
407,7.0,6.0,9.0
408,13.0,11.0,10.0
409,11.0,9.0,11.0
410,14.0,12.0,13.0
411,9.0,8.0,6.0
412,8.0,7.0,12.0
413,11.0,11.0,5.0
414,11.0,6.0,7.0
415,9.0,7.0,10.0
416,5.0,9.0,8.0
417,15.0,13.0,6.0
418,6.0,12.0,6.0
419,9.0,9.0,7.0
420,9.0,4.0,10.0
421,14.0,7.0,10.0
422,10.0,9.0,4.0
423,12.0,3.0,13.0
424,8.0,12.0,5.0
425,5.0,18.0,14.0
426,7.0,9.0,5.0
427,10.0,8.0,7.0
428,10.0,11.0,5.0
429,14.0,10.0,6.0
430,14.0,10.0,9.0
431,4.0,12.0,11.0
432,15.0,5.0,16.0
433,10.0,14.0,11.0
434,10.0,6.0,3.0
435,10.0,5.0,6.0
436,9.0,11.0,14.0
437,10.0,13.0,10.0
438,11.0,13.0,7.0
439,10.0,11.0,9.0
440,12.0,19.0,5.0
441,14.0,11.0,5.0
442,13.0,12.0,9.0
443,12.0,15.0,9.0
444,7.0,7.0,14.0
445,9.0,15.0,8.0
446,9.0,12.0,4.0
447,3.0,11.0,13.0
448,8.0,8.0,11.0
449,7.0,8.0,3.0
450,10.0,9.0,5.0
451,8.0,11.0,10.0
452,13.0,7.0,7.0
453,11.0,11.0,5.0
454,10.0,7.0,7.0
455,11.0,8.0,7.0
456,15.0,4.0,8.0
457,7.0,15.0,8.0
458,14.0,6.0,11.0
459,7.0,9.0,9.0
460,11.0,8.0,15.0
461,6.0,8.0,10.0
462,12.0,10.0,10.0
463,11.0,8.0,8.0
464,12.0,10.0,11.0
465,9.0,16.0,8.0
466,9.0,12.0,7.0
467,13.0,9.0,6.0
468,9.0,8.0,8.0
469,11.0,6.0,11.0
470,14.0,8.0,9.0
471,14.0,13.0,6.0
472,13.0,4.0,4.0
473,12.0,12.0,5.0
474,13.0,7.0,3.0
475,17.0,7.0,186.0
476,9.0,8.0,5.0
477,11.0,10.0,2.0
478,2.0,6.0,6.0
479,116.0,6.0,8.0
480,9.0,15.0,10.0
481,7.0,9.0,12.0
482,16.0,9.0,11.0
483,11.0,6.0,9.0
484,16.0,145.0,12.0
485,17.0,7.0,8.0
486,11.0,5.0,14.0
487,13.0,7.0,10.0
488,8.0,15.0,7.0
489,8.0,9.0,9.0
490,13.0,11.0,6.0
491,16.0,5.0,13.0
492,6.0,166.0,7.0
493,15.0,11.0,6.0
494,7.0,10.0,7.0
495,14.0,11.0,10.0
496,8.0,6.0,195.0
497,10.0,8.0,7.0
498,15.0,5.0,3.0
499,14.0,13.0,8.0
500,11.0,10.0,10.0
501,16.0,9.0,5.0
502,8.0,12.0,12.0
503,13.0,10.0,4.0
504,6.0,14.0,14.0
505,14.0,9.0,8.0
506,10.0,11.0,188.0
507,8.0,9.0,9.0
508,8.0,5.0,10.0
509,9.0,9.0,4.0
510,7.0,13.0,6.0
511,15.0,12.0,12.0
512,5.0,7.0,6.0
513,9.0,5.0,6.0
514,8.0,8.0,6.0
515,6.0,8.0,6.0
516,14.0,5.0,10.0
517,9.0,11.0,11.0
518,20.0,11.0,10.0
519,6.0,13.0,5.0
520,12.0,14.0,7.0
521,9.0,6.0,11.0
522,12.0,14.0,8.0
523,7.0,10.0,7.0
524,17.0,9.0,8.0
525,12.0,7.0,10.0
526,13.0,16.0,14.0
527,10.0,8.0,196.0
528,4.0,6.0,11.0
529,11.0,7.0,3.0
530,7.0,166.0,9.0
531,11.0,11.0,6.0
532,114.0,11.0,6.0
533,16.0,13.0,9.0
534,11.0,6.0,8.0
535,11.0,10.0,7.0
536,10.0,6.0,14.0
537,11.0,9.0,13.0
538,8.0,8.0,8.0
539,9.0,8.0,15.0
540,9.0,5.0,6.0
541,11.0,7.0,10.0
542,5.0,10.0,6.0
543,12.0,11.0,7.0
544,5.0,8.0,10.0
545,12.0,6.0,6.0
546,9.0,11.0,10.0
547,12.0,9.0,6.0
548,8.0,13.0,5.0
549,8.0,6.0,7.0
550,10.0,6.0,9.0
551,16.0,3.0,10.0
552,10.0,14.0,10.0
553,14.0,7.0,8.0
554,4.0,9.0,8.0
555,15.0,12.0,14.0
556,4.0,6.0,4.0
557,11.0,8.0,8.0
558,9.0,7.0,14.0
559,13.0,7.0,9.0
560,14.0,8.0,7.0
561,10.0,11.0,5.0
562,11.0,10.0,4.0
563,5.0,17.0,8.0
564,10.0,7.0,5.0
565,4.0,13.0,4.0
566,8.0,9.0,13.0
567,8.0,8.0,11.0
568,13.0,21.0,6.0
569,8.0,13.0,11.0
570,7.0,130.0,7.0
571,14.0,11.0,7.0
572,11.0,7.0,8.0
573,17.0,4.0,9.0
574,7.0,7.0,9.0
575,14.0,7.0,12.0
576,6.0,17.0,4.0
577,79.0,7.0,7.0
578,11.0,7.0,8.0
579,12.0,9.0,10.0
580,8.0,9.0,10.0
581,11.0,12.0,11.0
582,12.0,13.0,10.0
583,9.0,12.0,4.0
584,11.0,6.0,10.0
585,9.0,6.0,8.0
586,7.0,8.0,4.0
587,10.0,9.0,11.0
588,9.0,9.0,8.0
589,14.0,8.0,9.0
590,4.0,14.0,5.0
591,5.0,10.0,11.0
592,3.0,8.0,3.0
593,6.0,9.0,11.0
594,15.0,12.0,16.0
595,14.0,8.0,12.0
596,11.0,8.0,8.0
597,8.0,7.0,8.0
598,11.0,7.0,8.0
599,10.0,10.0,5.0
600,10.0,12.0,6.0
601,11.0,5.0,12.0
602,14.0,6.0,5.0
603,7.0,10.0,10.0
604,10.0,6.0,8.0
605,10.0,12.0,7.0
606,12.0,9.0,9.0
607,13.0,12.0,7.0
608,6.0,10.0,207.0
609,7.0,7.0,10.0
610,12.0,5.0,10.0
611,13.0,135.0,14.0
612,6.0,5.0,6.0
613,16.0,9.0,7.0
614,6.0,7.0,4.0
615,7.0,10.0,10.0
616,11.0,9.0,6.0
617,8.0,6.0,14.0
618,12.0,6.0,162.0
619,7.0,147.0,7.0
620,10.0,9.0,8.0
621,8.0,8.0,11.0
622,9.0,11.0,6.0
623,5.0,9.0,11.0
624,7.0,8.0,11.0
625,11.0,11.0,213.0
626,6.0,5.0,9.0
627,13.0,7.0,12.0
628,11.0,11.0,7.0
629,9.0,9.0,8.0
630,14.0,5.0,7.0
631,14.0,9.0,12.0
632,11.0,6.0,14.0
633,7.0,9.0,8.0
634,11.0,7.0,11.0
635,12.0,4.0,11.0
636,16.0,7.0,6.0
637,5.0,9.0,14.0
638,10.0,6.0,17.0
639,12.0,9.0,4.0
640,13.0,17.0,5.0
641,14.0,7.0,5.0
642,9.0,11.0,9.0
643,9.0,6.0,6.0
644,8.0,12.0,8.0
645,12.0,165.0,16.0
646,14.0,15.0,11.0
647,12.0,8.0,7.0
648,8.0,7.0,3.0
649,14.0,11.0,13.0
650,10.0,10.0,6.0
651,10.0,9.0,7.0
652,6.0,10.0,8.0
653,15.0,8.0,10.0
654,15.0,9.0,12.0
655,8.0,14.0,5.0
656,11.0,9.0,10.0
657,6.0,10.0,3.0
658,18.0,12.0,12.0
659,13.0,25.0,10.0
660,12.0,12.0,6.0
661,9.0,6.0,8.0
662,8.0,12.0,10.0
663,16.0,8.0,6.0
664,12.0,10.0,7.0
665,8.0,4.0,3.0
666,8.0,10.0,11.0
667,94.0,8.0,5.0
668,9.0,9.0,9.0
669,8.0,7.0,8.0
670,10.0,12.0,7.0
671,105.0,7.0,211.0
672,13.0,12.0,13.0
673,12.0,10.0,14.0
674,11.0,6.0,6.0
675,9.0,5.0,9.0
676,84.0,9.0,9.0
677,6.0,13.0,9.0
678,8.0,6.0,7.0
679,12.0,12.0,6.0
680,7.0,6.0,6.0
681,11.0,14.0,4.0
682,11.0,9.0,6.0
683,12.0,7.0,10.0
684,9.0,9.0,8.0
685,6.0,9.0,12.0
686,9.0,9.0,4.0
687,7.0,14.0,9.0
688,14.0,11.0,11.0
689,9.0,11.0,9.0
690,10.0,12.0,9.0
691,8.0,14.0,15.0
692,10.0,5.0,5.0
693,9.0,13.0,10.0
694,8.0,9.0,8.0
695,9.0,6.0,7.0
696,6.0,5.0,4.0
697,11.0,8.0,8.0
698,4.0,10.0,6.0
699,11.0,2.0,7.0
700,10.0,3.0,9.0
701,10.0,8.0,7.0
702,11.0,6.0,6.0
703,6.0,7.0,11.0
704,7.0,6.0,9.0
705,9.0,13.0,6.0
706,14.0,14.0,11.0
707,18.0,8.0,10.0
708,13.0,11.0,4.0
709,14.0,6.0,6.0
710,12.0,15.0,11.0
711,8.0,10.0,194.0
712,97.0,9.0,9.0
713,9.0,16.0,9.0
714,14.0,10.0,11.0
715,10.0,7.0,9.0
716,13.0,10.0,12.0
717,13.0,5.0,7.0
718,12.0,11.0,7.0
719,17.0,5.0,5.0
720,14.0,129.0,5.0
721,14.0,8.0,4.0
722,6.0,6.0,7.0
723,9.0,9.0,8.0
724,11.0,16.0,17.0
725,7.0,10.0,13.0
726,6.0,10.0,10.0
727,13.0,11.0,6.0
728,10.0,12.0,9.0
729,11.0,12.0,9.0
730,14.0,10.0,11.0
731,7.0,8.0,10.0
732,8.0,5.0,6.0
733,9.0,10.0,2.0
734,10.0,10.0,10.0
735,8.0,8.0,4.0
736,11.0,10.0,8.0
737,12.0,10.0,6.0
738,4.0,4.0,13.0
739,9.0,14.0,8.0
740,12.0,11.0,5.0
741,10.0,11.0,8.0
742,10.0,12.0,7.0
743,14.0,8.0,6.0
744,11.0,10.0,10.0
745,13.0,14.0,5.0
746,10.0,10.0,5.0
747,11.0,11.0,7.0
748,7.0,10.0,15.0
749,11.0,5.0,9.0
750,11.0,6.0,7.0
751,10.0,4.0,9.0
752,17.0,12.0,7.0
753,5.0,3.0,10.0
754,12.0,5.0,13.0
755,19.0,11.0,7.0
756,15.0,14.0,12.0
757,11.0,6.0,8.0
758,12.0,9.0,14.0
759,9.0,17.0,7.0
760,11.0,6.0,4.0
761,6.0,6.0,9.0
762,10.0,11.0,7.0
763,10.0,7.0,9.0
764,14.0,13.0,6.0
765,17.0,6.0,7.0
766,16.0,11.0,8.0
767,7.0,5.0,7.0
768,6.0,12.0,9.0
769,9.0,5.0,7.0
770,12.0,9.0,8.0
771,13.0,14.0,10.0
772,5.0,6.0,12.0
773,15.0,9.0,8.0
774,11.0,8.0,7.0
775,9.0,7.0,12.0
776,8.0,145.0,9.0
777,13.0,5.0,6.0
778,11.0,7.0,10.0
779,14.0,7.0,8.0
780,8.0,7.0,8.0
781,11.0,8.0,7.0
782,14.0,17.0,3.0
783,11.0,6.0,12.0
784,16.0,10.0,5.0
785,7.0,12.0,5.0
786,11.0,11.0,8.0
787,6.0,10.0,11.0
788,109.0,8.0,10.0
789,12.0,12.0,11.0
790,13.0,10.0,6.0
791,11.0,10.0,8.0
792,9.0,6.0,11.0
793,7.0,17.0,10.0
794,13.0,5.0,8.0
795,9.0,9.0,185.0
796,8.0,8.0,9.0
797,17.0,13.0,8.0
798,11.0,11.0,12.0
799,10.0,6.0,9.0
800,14.0,7.0,10.0
801,10.0,6.0,6.0
802,13.0,9.0,12.0
803,12.0,9.0,6.0
804,14.0,156.0,10.0
805,12.0,8.0,7.0
806,13.0,9.0,6.0
807,12.0,10.0,7.0
808,6.0,9.0,4.0
809,17.0,15.0,5.0
810,9.0,14.0,13.0
811,15.0,10.0,12.0
812,9.0,3.0,5.0
813,12.0,12.0,8.0
814,8.0,7.0,8.0
815,9.0,9.0,10.0
816,7.0,10.0,8.0
817,12.0,6.0,11.0
818,9.0,17.0,10.0
819,14.0,10.0,9.0
820,13.0,9.0,9.0
821,8.0,13.0,6.0
822,12.0,13.0,9.0
823,8.0,7.0,10.0
824,13.0,17.0,5.0
825,6.0,7.0,9.0
826,9.0,16.0,9.0
827,12.0,6.0,7.0
828,13.0,7.0,7.0
829,17.0,4.0,11.0
830,12.0,10.0,9.0
831,6.0,13.0,7.0
832,11.0,12.0,4.0
833,16.0,11.0,9.0
834,8.0,8.0,5.0
835,17.0,10.0,10.0
836,10.0,9.0,9.0
837,15.0,7.0,181.0
838,7.0,10.0,16.0
839,10.0,11.0,9.0
840,12.0,7.0,7.0
841,17.0,7.0,6.0
842,10.0,9.0,5.0
843,3.0,6.0,11.0
844,10.0,9.0,6.0
845,10.0,11.0,9.0
846,15.0,6.0,5.0
847,9.0,8.0,8.0
848,7.0,13.0,7.0
849,9.0,7.0,8.0
850,11.0,4.0,9.0
851,15.0,10.0,5.0
852,7.0,5.0,2.0
853,6.0,6.0,3.0
854,10.0,6.0,7.0
855,11.0,6.0,8.0
856,15.0,10.0,7.0
857,10.0,7.0,12.0
858,9.0,7.0,8.0
859,5.0,8.0,8.0
860,11.0,10.0,7.0
861,9.0,10.0,8.0
862,9.0,10.0,6.0
863,15.0,11.0,7.0
864,17.0,14.0,8.0
865,14.0,5.0,11.0
866,14.0,8.0,11.0
867,96.0,4.0,7.0
868,13.0,8.0,6.0
869,8.0,11.0,5.0
870,12.0,10.0,3.0
871,12.0,11.0,7.0
872,9.0,6.0,9.0
873,5.0,137.0,11.0
874,13.0,6.0,9.0
875,13.0,12.0,4.0
876,15.0,11.0,4.0
877,8.0,9.0,4.0
878,11.0,5.0,12.0
879,11.0,8.0,8.0
880,12.0,7.0,8.0
881,91.0,7.0,4.0
882,10.0,14.0,7.0
883,14.0,7.0,8.0
884,8.0,12.0,7.0
885,15.0,4.0,8.0
886,11.0,8.0,7.0
887,12.0,16.0,12.0
888,8.0,15.0,11.0
889,7.0,8.0,4.0
890,11.0,13.0,9.0
891,3.0,13.0,6.0
892,13.0,13.0,10.0
893,8.0,10.0,6.0
894,13.0,10.0,11.0
895,15.0,5.0,5.0
896,9.0,9.0,9.0
897,14.0,13.0,6.0
898,11.0,9.0,11.0
899,16.0,7.0,6.0
900,9.0,5.0,8.0
901,9.0,7.0,6.0
902,11.0,10.0,9.0
903,7.0,8.0,7.0
904,10.0,10.0,16.0
905,14.0,12.0,12.0
906,12.0,6.0,10.0
907,16.0,11.0,6.0
908,13.0,13.0,8.0
909,13.0,6.0,13.0
910,8.0,15.0,11.0
911,12.0,12.0,6.0
912,10.0,11.0,4.0
913,11.0,10.0,5.0
914,8.0,7.0,10.0
915,16.0,9.0,6.0
916,11.0,8.0,15.0
917,13.0,10.0,12.0
918,9.0,15.0,5.0
919,8.0,5.0,6.0
920,11.0,9.0,3.0
921,9.0,5.0,9.0
922,13.0,6.0,13.0
923,15.0,8.0,6.0
924,11.0,6.0,8.0
925,10.0,8.0,10.0
926,7.0,8.0,9.0
927,16.0,8.0,8.0
928,10.0,7.0,11.0
929,8.0,10.0,4.0
930,12.0,10.0,3.0
931,13.0,7.0,10.0
932,9.0,14.0,10.0
933,7.0,7.0,4.0
934,12.0,8.0,8.0
935,10.0,10.0,6.0
936,5.0,7.0,10.0
937,6.0,7.0,5.0
938,11.0,9.0,6.0
939,7.0,7.0,13.0
940,12.0,13.0,18.0
941,11.0,9.0,9.0
942,11.0,13.0,6.0
943,11.0,11.0,9.0
944,12.0,4.0,4.0
945,13.0,7.0,9.0
946,12.0,6.0,5.0
947,9.0,9.0,4.0
948,8.0,9.0,7.0
949,11.0,4.0,4.0
950,7.0,4.0,6.0
951,12.0,10.0,4.0
952,11.0,11.0,6.0
953,8.0,5.0,13.0
954,13.0,16.0,7.0
955,12.0,8.0,5.0
956,15.0,12.0,10.0
957,8.0,7.0,16.0
958,14.0,7.0,16.0
959,6.0,7.0,8.0
960,9.0,12.0,8.0
961,17.0,9.0,8.0
962,12.0,6.0,6.0
963,11.0,11.0,7.0
964,10.0,8.0,14.0
965,9.0,7.0,11.0
966,9.0,7.0,13.0
967,7.0,4.0,5.0
968,10.0,5.0,8.0
969,14.0,5.0,2.0
970,7.0,4.0,11.0
971,10.0,10.0,7.0
972,11.0,10.0,10.0
973,9.0,9.0,10.0
974,9.0,8.0,6.0
975,13.0,4.0,7.0
976,8.0,8.0,10.0
977,8.0,12.0,17.0
978,11.0,10.0,11.0
979,11.0,6.0,8.0
980,10.0,6.0,8.0
981,11.0,15.0,8.0
982,9.0,15.0,9.0
983,13.0,13.0,8.0
984,8.0,5.0,10.0
985,7.0,6.0,12.0
986,12.0,12.0,5.0
987,8.0,7.0,13.0
988,6.0,6.0,212.0
989,10.0,9.0,6.0
990,10.0,7.0,11.0
991,16.0,4.0,8.0
992,8.0,6.0,11.0
993,9.0,9.0,9.0
994,14.0,7.0,9.0
995,5.0,12.0,16.0
996,8.0,6.0,7.0
997,4.0,10.0,6.0
998,5.0,12.0,9.0
999,9.0,7.0,4.0
